{
    "number_of_persons": 12,
    "persons": [
        {
            "leftEyeOpened": true,
            "rightEyeOpened": true,
            "age": 30,
            "region": {
                "x": 0,
                "y": 0,
                "w": 190,
                "h": 172
            },
            "gender": "Man",
            "race": {
                "asian": 2.4724697694182396,
                "indian": 5.608536675572395,
                "black": 0.9026290848851204,
                "white": 34.47717726230621,
                "middle eastern": 31.45751953125,
                "latino hispanic": 25.081667304039
            },
            "dominant_race": "white",
            "emotion": {
                "angry": 0.11313987197354436,
                "disgust": 0.004199582690489478,
                "fear": 0.10235048830509186,
                "happy": 89.74037766456604,
                "sad": 0.7889914326369762,
                "surprise": 2.4662377312779427,
                "neutral": 6.784701347351074
            },
            "dominant_emotion": "happy"
        },
        {
            "leftEyeOpened": true,
            "rightEyeOpened": true,
            "age": 35,
            "region": {
                "x": 0,
                "y": 0,
                "w": 167,
                "h": 172
            },
            "gender": "Woman",
            "race": {
                "asian": 9.626124799251556,
                "indian": 4.163726046681404,
                "black": 0.9567368775606155,
                "white": 25.034421682357788,
                "middle eastern": 13.258321583271027,
                "latino hispanic": 46.96067571640015
            },
            "dominant_race": "latino hispanic",
            "emotion": {
                "angry": 2.7099875100409305e-10,
                "disgust": 7.178945391979461e-19,
                "fear": 3.355285755271065e-11,
                "happy": 99.98463988487245,
                "sad": 2.1044604520517923e-09,
                "surprise": 9.260365236491824e-06,
                "neutral": 0.015343998883355543
            },
            "dominant_emotion": "happy"
        },
        {
            "leftEyeOpened": true,
            "rightEyeOpened": true,
            "age": 33,
            "region": {
                "x": 0,
                "y": 0,
                "w": 148,
                "h": 130
            },
            "gender": "Man",
            "race": {
                "asian": 20.132146775722504,
                "indian": 5.135849863290787,
                "black": 3.0316637828946114,
                "white": 26.118454337120056,
                "middle eastern": 10.110042244195938,
                "latino hispanic": 35.4718416929245
            },
            "dominant_race": "latino hispanic",
            "emotion": {
                "angry": 4.123101821470847e-05,
                "disgust": 4.439886657203296e-10,
                "fear": 0.0018399730111782185,
                "happy": 0.49120446800914214,
                "sad": 1.0758150078842048,
                "surprise": 4.146542800915555e-08,
                "neutral": 98.4310983676373
            },
            "dominant_emotion": "neutral"
        },
        {
            "leftEyeOpened": true,
            "rightEyeOpened": true,
            "age": 33,
            "region": {
                "x": 0,
                "y": 0,
                "w": 141,
                "h": 129
            },
            "gender": "Woman",
            "race": {
                "asian": 0.5886455532163382,
                "indian": 0.4666591063141823,
                "black": 0.14451610622927547,
                "white": 69.46388483047485,
                "middle eastern": 7.966108620166779,
                "latino hispanic": 21.370181441307068
            },
            "dominant_race": "white",
            "emotion": {
                "angry": 0.03804773086221402,
                "disgust": 1.983829183711559e-05,
                "fear": 0.0004885584821915187,
                "happy": 99.90792869972758,
                "sad": 0.04481628687888604,
                "surprise": 3.694343051850493e-07,
                "neutral": 0.008697411767565043
            },
            "dominant_emotion": "happy"
        },
        {
            "leftEyeOpened": true,
            "rightEyeOpened": true,
            "age": 29,
            "region": {
                "x": 0,
                "y": 0,
                "w": 102,
                "h": 94
            },
            "gender": "Man",
            "race": {
                "asian": 5.612219201061821,
                "indian": 8.587781806256556,
                "black": 4.25877632096096,
                "white": 32.35707195316888,
                "middle eastern": 21.175547400051666,
                "latino hispanic": 28.00859773056534
            },
            "dominant_race": "white",
            "emotion": {
                "angry": 2.24077876254114e-06,
                "disgust": 5.4442866881387886e-09,
                "fear": 2.6734237046355247e-07,
                "happy": 99.99657869338989,
                "sad": 0.0006851867965451675,
                "surprise": 6.463744817164496e-09,
                "neutral": 0.002735019188548904
            },
            "dominant_emotion": "happy"
        },
        {
            "leftEyeOpened": true,
            "rightEyeOpened": true,
            "age": 39,
            "region": {
                "x": 0,
                "y": 0,
                "w": 111,
                "h": 83
            },
            "gender": "Man",
            "race": {
                "asian": 10.269209263419,
                "indian": 9.608959006195187,
                "black": 5.5431594052124735,
                "white": 27.34229238721223,
                "middle eastern": 23.977692547119553,
                "latino hispanic": 23.25867882267489
            },
            "dominant_race": "white",
            "emotion": {
                "angry": 0.0002077789076793124,
                "disgust": 6.847337583242919e-14,
                "fear": 6.868114610369958e-05,
                "happy": 98.26707243919373,
                "sad": 1.86913624133922e-05,
                "surprise": 0.024715648032724857,
                "neutral": 1.7079200595617294
            },
            "dominant_emotion": "happy"
        },
        {
            "leftEyeOpened": true,
            "rightEyeOpened": true,
            "age": 32,
            "region": {
                "x": 0,
                "y": 0,
                "w": 80,
                "h": 74
            },
            "gender": "Man",
            "race": {
                "asian": 7.561225625552181e-05,
                "indian": 0.0011964430799799573,
                "black": 99.99871850006095,
                "white": 1.3127624770330457e-08,
                "middle eastern": 7.74833993187433e-09,
                "latino hispanic": 1.3530984073683223e-05
            },
            "dominant_race": "black",
            "emotion": {
                "angry": 0.0023410532714055678,
                "disgust": 9.907426995412612e-10,
                "fear": 1.953264694731561e-06,
                "happy": 7.496664524475989,
                "sad": 0.11621842638034506,
                "surprise": 2.8110932450266645e-07,
                "neutral": 92.38476844015497
            },
            "dominant_emotion": "neutral"
        },
        {
            "leftEyeOpened": true,
            "rightEyeOpened": true,
            "age": 32,
            "region": {
                "x": 0,
                "y": 0,
                "w": 84,
                "h": 68
            },
            "gender": "Woman",
            "race": {
                "asian": 0.09690056322142482,
                "indian": 0.5342524033039808,
                "black": 0.026019004872068763,
                "white": 66.4726972579956,
                "middle eastern": 18.965454399585724,