{
    "number_of_persons": 3,
    "blurry": false,
    "persons": {
        "person_1": {
            "leftEyeOpened": 3.6789241305877303,
            "rightEyeOpened": 3.585464482539962,
            "blurry": true
        },
        "person_2": {
            "leftEyeOpened": 3.237401617156764,
            "rightEyeOpened": 2.9529646120466797,
            "blurry": true
        },
        "person_3": {
            "leftEyeOpened": 2.286647801900118,
            "rightEyeOpened": 2.785004488326724,
            "blurry": true
        }
    }
}