{
    "number_of_persons": 3,
    "blurry": false,
    "persons": {
        "person_1": {
            "leftEyeOpened": 5.088112507491249,
            "rightEyeOpened": 3.8873012632302,
            "blurry": true
        },
        "person_2": {
            "leftEyeOpened": 3.1622776601683795,
            "rightEyeOpened": 3.478505426185217,
            "blurry": true
        },
        "person_3": {
            "leftEyeOpened": 2.600577970441729,
            "rightEyeOpened": 2.4977053689520194,
            "blurry": true
        }
    }
}