{
    "number_of_persons": 2,
    "persons": [
        {
            "leftEyeOpened": true,
            "rightEyeOpened": true,
            "age": 33,
            "region": {
                "x": 0,
                "y": 0,
                "w": 130,
                "h": 119
            },
            "gender": "Woman",
            "race": {
                "asian": 11.327944090611448,
                "indian": 11.795065636030955,
                "black": 4.3096112537847455,
                "white": 17.226109835373183,
                "middle eastern": 11.319359532671031,
                "latino hispanic": 44.021908161412696
            },
            "dominant_race": "latino hispanic",
            "emotion": {
                "angry": 4.250204070947798e-14,
                "disgust": 7.018201777863117e-32,
                "fear": 6.311282288518287e-24,
                "happy": 99.99994039535522,
                "sad": 5.582353268086603e-16,
                "surprise": 2.0794692736410963e-13,
                "neutral": 5.830010536556074e-05
            },
            "dominant_emotion": "happy"
        },
        {
            "leftEyeOpened": true,
            "rightEyeOpened": true,
            "age": 32,
            "region": {
                "x": 0,
                "y": 0,
                "w": 124,
                "h": 107
            },
            "gender": "Man",
            "race": {
                "asian": 8.402193826175472,
                "indian": 15.496962905292165,
                "black": 17.69674060383551,
                "white": 15.535802777313855,
                "middle eastern": 15.546138221485826,
                "latino hispanic": 27.322157940607315
            },
            "dominant_race": "latino hispanic",
            "emotion": {
                "angry": 8.413694220499313e-10,
                "disgust": 2.777049450286555e-29,
                "fear": 3.4580772881823786e-23,
                "happy": 100.0,
                "sad": 1.6254970951207074e-13,
                "surprise": 1.0602700796055437e-16,
                "neutral": 5.676942804733187e-08
            },
            "dominant_emotion": "happy"
        }
    ],
    "blur_coeff": 0.0014179369018078695,
    "blurry": false
}