{
    "number_of_persons": 2,
    "blurry": false,
    "persons": {
        "person_1": {
            "leftEyeOpened": 2.4509068616421237,
            "rightEyeOpened": 2.5396267721875656,
            "blurry": true
        },
        "person_2": {
            "leftEyeOpened": 2.9298464123567975,
            "rightEyeOpened": 2.510776772236034,
            "blurry": true
        }
    }
}