{
    "number_of_persons": 3,
    "blurry": false,
    "persons": {
        "person_1": {
            "leftEyeOpened": 3.2930904093942583,
            "rightEyeOpened": 3.3015148038438356,
            "blurry": true
        },
        "person_2": {
            "leftEyeOpened": 2.9522956123525383,
            "rightEyeOpened": 2.8796067147200284,
            "blurry": true
        },
        "person_3": {
            "leftEyeOpened": 2.9466806459588204,
            "rightEyeOpened": 2.4837936245249463,
            "blurry": true
        }
    }
}