{
    "number_of_persons": 2,
    "blurry": false,
    "persons": {
        "person_1": {
            "leftEyeOpened": 3.0751662392208865,
            "rightEyeOpened": 3.0763699854831668,
            "blurry": true
        },
        "person_2": {
            "leftEyeOpened": 2.9793811989685244,
            "rightEyeOpened": 2.652452253779487,
            "blurry": true
        }
    }
}