{
    "number_of_persons": 3,
    "blurry": false,
    "persons": {
        "person_1": {
            "leftEyeOpened": 3.1687688288057494,
            "rightEyeOpened": 2.885640843369645,
            "blurry": true
        },
        "person_2": {
            "leftEyeOpened": 2.2521101216414796,
            "rightEyeOpened": 2.5607375986579193,
            "blurry": true
        },
        "person_3": {
            "leftEyeOpened": 3.283993816165826,
            "rightEyeOpened": 2.8327886186626583,
            "blurry": true
        }
    }
}