{
    "number_of_persons": 2,
    "blurry": false,
    "persons": {
        "person_1": {
            "leftEyeOpened": 3.6173700189030336,
            "rightEyeOpened": 2.649886376850709,
            "blurry": true
        },
        "person_2": {
            "leftEyeOpened": 2.0136520356178584,
            "rightEyeOpened": 2.8599493605355297,
            "blurry": true
        }
    }
}