{
    "number_of_persons": 1,
    "blurry": true,
    "persons": {
        "person_1": {
            "leftEyeOpened": 0.006664150394499302,
            "rightEyeOpened": 0.004853155463933945,
            "blurry": true
        }
    }
}